INSERT INTO `user_account` VALUES ('cus001@test.com','$2b$12$b5xaMZzW./3o7Xs/AEcSiOvyfpwbo1SF5WIzKrPrvP3Hw1D3MzWq6','$2b$12$b5xaMZzW./3o7Xs/AEcSiO'),('cus002@test.com','$2b$12$pPxvDLOtMb.LZ0NIJi.wOe0vMPlf3gJoGcFUtDOAHyjUZU8KwwcRO','$2b$12$pPxvDLOtMb.LZ0NIJi.wOe'),('cus003@test.com','$2b$12$JOlXWVrTo2c9Em1AjTRbP.renPqwbrzOOuRQItB5USU2h1Oj./fha','$2b$12$JOlXWVrTo2c9Em1AjTRbP.'),('cus004@test.com','$2b$12$DQAZ4n/Uvt6lH7R2FyouguxxvKQQTYz4vZLmXnido0sjuqH385cyy','$2b$12$DQAZ4n/Uvt6lH7R2Fyougu'),('cus005@test.com','$2b$12$sXOV5Ys1r85ZklQHVP4BTeHSJzj9JySvRRkkAg/ijnHUplWRFT.EW','$2b$12$sXOV5Ys1r85ZklQHVP4BTe'),('cus006@test.com','$2b$12$4hvHzMJhDAnzEnfi9WjUMevCbPg8ElGDgmXB5/aIPOPhwhbfX4k2y','$2b$12$4hvHzMJhDAnzEnfi9WjUMe'),('cus007@test.com','$2b$12$cgV733iozPNmyAshw84i1Og0jOYc2SprroP7DxFCuBfoe5kPaNQvi','$2b$12$cgV733iozPNmyAshw84i1O'),('cus008@test.com','$2b$12$OLEYb8VcQj.h4za/5xf.he0GiCd2kDmeyKvVDs4BDaE6uCk3G1GQu','$2b$12$OLEYb8VcQj.h4za/5xf.he'),('cus009@test.com','$2b$12$JOxOIvcQ.ySWQrsiqL0EL.kQoo4zZ/4Dd//kE13MmtTS3XPx3YgWO','$2b$12$JOxOIvcQ.ySWQrsiqL0EL.'),('cus010@test.com','$2b$12$dHx.BiONWBKMO5oRIAYBhedfSZMciAyr60hRZP9I/7DWsCy.fHZsW','$2b$12$dHx.BiONWBKMO5oRIAYBhe'),('cus011@test.com','$2b$12$7Esz/Ex9xS88pzsuujJfZOklXgjcs10OKTCzKkXsLDGJYW/SaMapi','$2b$12$7Esz/Ex9xS88pzsuujJfZO'),('cus012@test.com','$2b$12$/nJpHltGN0VXC/16cy3efe2SAzXf/9Xhjxno5gyyt1Czcg7.d0VVi','$2b$12$/nJpHltGN0VXC/16cy3efe'),('cus013@test.com','$2b$12$XWpR3uaG2A4etHt3FTxX5u6Xb33PNdKs3YQfWHTKNmdif3zzanZ0W','$2b$12$XWpR3uaG2A4etHt3FTxX5u'),('cus014@test.com','$2b$12$yLCrcF9eZ53Dg1yrkZ9vlupG0EzB7gwSIRO37wD/bvOsB8kWJn1qC','$2b$12$yLCrcF9eZ53Dg1yrkZ9vlu'),('cus015@test.com','$2b$12$sRFRqYOz9dFMrN7kW3wxHeyLg18xEnh0koVJCWe/D17rvHJDYK.Fi','$2b$12$sRFRqYOz9dFMrN7kW3wxHe'),('cus016@test.com','$2b$12$dOmtIYZ3keduGLx55A23x.ou..97jrHkUWctufWk954/aESvy.uJu','$2b$12$dOmtIYZ3keduGLx55A23x.'),('cus017@test.com','$2b$12$9HiXJUtwQFfs..UzMlZzl.qu497nc50Dh90aYa/Kj/ZDId96b0e7W','$2b$12$9HiXJUtwQFfs..UzMlZzl.'),('cus018@test.com','$2b$12$B4Xun9oW7aGvq03kIGD3.uODnDeMcosvkplgsHrTpbM4fiNZ4XQbu','$2b$12$B4Xun9oW7aGvq03kIGD3.u'),('cus019@test.com','$2b$12$Dy/5OVeQZ5b7QRopBjOal.DANJd38IymxSD3L0knD4U3KBhnfapwW','$2b$12$Dy/5OVeQZ5b7QRopBjOal.'),('cus020@test.com','$2b$12$OIOx/skRfmO4ske5ZQQfDuifnbFwuoZ2bNoUp8v3vZ3SVe/WF66HS','$2b$12$OIOx/skRfmO4ske5ZQQfDu'),('deli001@test.com','$2b$12$CP1k/cy2l0.8iUmghtgTUutSK8AvGFvuyKcgYSVVQApAudINkUxny','$2b$12$CP1k/cy2l0.8iUmghtgTUu'),('deli002@test.com','$2b$12$iyreNY/hVVl1FUQ5L8pqZu86GKcQG5c6y6uE7PNujJxpkR8P0w8Ay','$2b$12$iyreNY/hVVl1FUQ5L8pqZu'),('deli003@test.com','$2b$12$ljrvuRHGTJlo/qpo6yWwze2BUqp0Ix227ngB5w6aNggCH61ms.U0e','$2b$12$ljrvuRHGTJlo/qpo6yWwze'),('deli004@test.com','$2b$12$xFtSSboegYcx1Q1Ywf4KJuPv6OpDdEFUBxgzkEMv4L3ba0ZMIJZii','$2b$12$xFtSSboegYcx1Q1Ywf4KJu'),('deli005@test.com','$2b$12$ryCW91.68uqj5mGpSSfJHuUFZQrp39hg35jVgudiDyUnXPJYJ1PMm','$2b$12$ryCW91.68uqj5mGpSSfJHu'),('deli006@test.com','$2b$12$v8C518DJLDBVs.m1OJ/TkeJ/kuGfYv68teuAIl76NjLW27d3HqrvS','$2b$12$v8C518DJLDBVs.m1OJ/Tke'),('deli007@test.com','$2b$12$hFbqw9gfXIBpv5Om3lqyhuR8TvHfU8rHvrFCdXshNitF8z4H.LJce','$2b$12$hFbqw9gfXIBpv5Om3lqyhu'),('deli008@test.com','$2b$12$UknOJYurGjpMuxYdzID5J.V1mO9kgsNh.VuWfTGBDjChooZvapK6a','$2b$12$UknOJYurGjpMuxYdzID5J.'),('deli009@test.com','$2b$12$Mu5BbGGW23MAUsH0.cUVYOMfEiEcVd3yVN2muPaEAmDz0Z4lRRwyG','$2b$12$Mu5BbGGW23MAUsH0.cUVYO'),('deli010@test.com','$2b$12$/vgJQtjdzord8HGHd9Xsxuchel5PPqLvItJiuBhcKxF7WMOB9C1tq','$2b$12$/vgJQtjdzord8HGHd9Xsxu'),('res001@test.com','$2b$12$0FktGXC0zHuwSGsqohjKEOMz/PjobkfTH6peVrQY1HsfNqNg1Y8Ni','$2b$12$0FktGXC0zHuwSGsqohjKEO'),('res002@test.com','$2b$12$TDiClSlUKtFU8fQ4nFT6L.NyjOGorDbi5ExOurHwpxP0TBAcytSg.','$2b$12$TDiClSlUKtFU8fQ4nFT6L.'),('res003@test.com','$2b$12$HUR5BOHG4F45z1iFqnd6we4Ky./Pp.IMOllU07pEL/GOnIQjW/2my','$2b$12$HUR5BOHG4F45z1iFqnd6we'),('res004@test.com','$2b$12$TsgQzJaHQyXL6pRUsI8bAOljJa4V12a1P/kAJvje2IM3T/yaQ18bi','$2b$12$TsgQzJaHQyXL6pRUsI8bAO'),('res005@test.com','$2b$12$iwEqAG5MYrHfyFD43w3Hlegys3rx46WsAQA04yWLSp6dj1h0LwHXm','$2b$12$iwEqAG5MYrHfyFD43w3Hle'),('res006@test.com','$2b$12$dtQdoHCJSSc.RAbuyYJH7eqLwJW7uScI4Z5VZkbEyxtjL7O0Yjixi','$2b$12$dtQdoHCJSSc.RAbuyYJH7e'),('res007@test.com','$2b$12$anRVbJjDrnaKp33rKvQdkeeomlQ5NygkGER.gch30tCnG2O26FbzK','$2b$12$anRVbJjDrnaKp33rKvQdke'),('res008@test.com','$2b$12$14YrN8hRq.rOSRFKom8rKeEO86jQevygvBbcmamJ9VtpWqcCvmH9y','$2b$12$14YrN8hRq.rOSRFKom8rKe'),('res009@test.com','$2b$12$VKsYAEm0n1BC8LKJnaajeOSGC1ShuVr1Y7GxQEwxs7bzZJBwGr1B6','$2b$12$VKsYAEm0n1BC8LKJnaajeO'),('res010@test.com','$2b$12$rXqTVfQNx4M3fEypYm/NT.Ekg0ME1XxAqOiJCWZGe0Jkjjsf5N44u','$2b$12$rXqTVfQNx4M3fEypYm/NT.'),('res011@test.com','$2b$12$9IuICVE/RaROlEhSijaJ0OurU7AsAw/kcQdc7c/pJlTJc37/GWx4u','$2b$12$9IuICVE/RaROlEhSijaJ0O'),('res012@test.com','$2b$12$ZSh73GLKgHsb9bw8axK5m./SjYuJFiK/C..82d18w.obDgV9YyqMC','$2b$12$ZSh73GLKgHsb9bw8axK5m.'),('res013@test.com','$2b$12$c9XxBJKUzQrLW5j1Nkn.D.vVSNKYMB5b8f/NRnQNIEU2X/1N8z8s6','$2b$12$c9XxBJKUzQrLW5j1Nkn.D.'),('res014@test.com','$2b$12$8IKX8yZ4dJKOeHALHi0kBOuBOVNev7AQjm8H6gmZ.tNs5xio6m7aa','$2b$12$8IKX8yZ4dJKOeHALHi0kBO'),('res015@test.com','$2b$12$q5gWo3YtQSRRFyjg/lzGZ.UtfNXPE9bMZ/gHEu5TDN22PuAzIUHG6','$2b$12$q5gWo3YtQSRRFyjg/lzGZ.');
INSERT INTO `user` VALUES (1,'Customer','cus001@test.com','cus001','0800000001'),(2,'Customer','cus002@test.com','cus002','0800000002'),(3,'Customer','cus003@test.com','cus003','0800000003'),(4,'Customer','cus004@test.com','cus004','0800000004'),(5,'Customer','cus005@test.com','cus005','0800000005'),(6,'Customer','cus006@test.com','cus006','0800000006'),(7,'Customer','cus007@test.com','cus007','0800000007'),(8,'Customer','cus008@test.com','cus008','0800000008'),(9,'Customer','cus009@test.com','cus009','0800000009'),(10,'Customer','cus010@test.com','cus010','0800000010'),(11,'Customer','cus011@test.com','cus011','0800000011'),(12,'Customer','cus012@test.com','cus012','0800000012'),(13,'Customer','cus013@test.com','cus013','0800000013'),(14,'Customer','cus014@test.com','cus014','0800000014'),(15,'Customer','cus015@test.com','cus015','0800000015'),(16,'Customer','cus016@test.com','cus016','0800000016'),(17,'Customer','cus017@test.com','cus017','0800000017'),(18,'Customer','cus018@test.com','cus018','0800000018'),(19,'Customer','cus019@test.com','cus019','0800000019'),(20,'Customer','cus020@test.com','cus020','0800000020'),(21,'Delivery Person','deli001@test.com','deli001','0610000001'),(22,'Delivery Person','deli002@test.com','deli002','0610000002'),(23,'Delivery Person','deli003@test.com','deli003','0610000003'),(24,'Delivery Person','deli004@test.com','deli004','0610000004'),(25,'Delivery Person','deli005@test.com','deli005','0610000005'),(26,'Delivery Person','deli006@test.com','deli006','0610000006'),(27,'Delivery Person','deli007@test.com','deli007','0610000007'),(28,'Delivery Person','deli008@test.com','deli008','0610000008'),(29,'Delivery Person','deli009@test.com','deli009','0610000009'),(30,'Delivery Person','deli010@test.com','deli010','0610000010'),(31,'Restaurant','res001@test.com','res001','0900000001'),(32,'Restaurant','res002@test.com','res002','0900000002'),(33,'Restaurant','res003@test.com','res003','0900000003'),(34,'Restaurant','res004@test.com','res004','0900000004'),(35,'Restaurant','res005@test.com','res005','0900000005'),(36,'Restaurant','res006@test.com','res006','0900000006'),(37,'Restaurant','res007@test.com','res007','0900000007'),(38,'Restaurant','res008@test.com','res008','0900000008'),(39,'Restaurant','res009@test.com','res009','0900000009'),(40,'Restaurant','res010@test.com','res010','0900000010'),(41,'Restaurant','res011@test.com','res011','0900000011'),(42,'Restaurant','res012@test.com','res012','0900000012'),(43,'Restaurant','res013@test.com','res013','0900000013'),(44,'Restaurant','res014@test.com','res014','0900000014'),(45,'Restaurant','res015@test.com','res015','0900000015');
INSERT INTO `address_detail` VALUES ('Chom Phon','Chatuchak','Bangkok','10900'),('Phra Khanong Nuea','Watthana','Bangkok','10110'),('Thung Song Hong','Laksi','Bangkok','10210'),('Wang Mai','Pathum Wan','Bangkok','10330');
INSERT INTO `address` VALUES (1,'11',NULL,'Phaya Thai Rd','Wang Mai','Pathum Wan','Bangkok'),(2,'12',NULL,'Phaya Thai Rd','Wang Mai','Pathum Wan','Bangkok'),(3,'13',NULL,'Phaya Thai Rd','Wang Mai','Pathum Wan','Bangkok'),(4,'123',NULL,'Sukhumvit 63 Rd','Phra Khanong Nuea','Watthana','Bangkok'),(5,'228/24',NULL,'Lat Phrao Rd','Chom Phon','Chatuchak','Bangkok'),(6,'111',NULL,'Chaengwatthana Rd','Thung Song Hong','Laksi','Bangkok');
INSERT INTO `area` VALUES (1,'Wang Mai','Pathum Wan','Bangkok'),(2,'Phra Khanong Nuea','Watthana','Bangkok'),(3,'Chom Phon','Chatuchak','Bangkok'),(4,'Thung Song Hong','Laksi','Bangkok');
INSERT INTO `restaurant` VALUES (31,4,'Closed'),(32,3,'Closed'),(33,1,'Open'),(34,5,'Open'),(35,4,'Open'),(36,6,'Open'),(37,5,'Open'),(38,4,'Open'),(39,1,'Open'),(40,6,'Open'),(41,4,'Closed'),(42,5,'Closed'),(43,4,'Closed'),(44,3,'Closed'),(45,6,'Open');
INSERT INTO `customer` VALUES (2,1),(13,1),(16,1),(20,1),(3,2),(4,2),(6,2),(12,2),(1,3),(8,3),(11,3),(15,3),(17,3),(5,4),(7,4),(9,4),(10,4),(14,4),(18,4),(19,4);
INSERT INTO `menu` VALUES (1,39,'Fried Chicken','best chicken ever',100,1),(2,40,'Fried Chicken with rice','best chicken rice ever 2',70,1),(3,33,'Fried Chicken','best chicken ever',119,1),(4,33,'Chicken Teriyaki','best chicken ever',98,1),(5,33,'Chicken soup','best soup ever',75,1),(6,36,'Chicken rice','best menu ever',85,1);
INSERT INTO `payment_card` VALUES ('1234567898765432',12,24,123,1);
INSERT INTO `order` VALUES (1,'completed',1935),(2,'completed',267),(3,'completed',546),(4,'rejected',339),(5,'completed',1696),(6,'completed',1267),(7,'completed',820),(8,'rejected',0),(9,'completed',1677),(10,'completed',134);
INSERT INTO `place_order` VALUES (1,2,'2022-10-18 05:00:00'),(2,1,'2022-11-02 03:32:00'),(3,2,'2022-10-01 05:00:00'),(4,2,'2022-09-18 05:00:00'),(5,1,'2022-11-10 03:30:00'),(6,1,'2022-11-06 06:12:00'),(7,1,'2022-11-18 05:00:00'),(8,2,'2022-10-16 05:00:00'),(9,1,'2022-11-18 05:45:00'),(10,1,'2022-11-20 05:00:00');
INSERT INTO `restaurant_order` VALUES (1,1,45,482),(2,5,37,271),(3,3,35,117),(4,9,31,779),(5,7,39,420),(6,10,34,75),(7,1,45,330),(8,5,41,286),(9,7,36,400),(10,5,36,302),(11,5,42,70),(12,1,45,207),(13,1,38,182),(14,4,45,122),(15,1,36,201),(16,3,34,173),(17,5,33,230),(18,9,37,898),(19,2,37,206),(20,5,45,156),(21,2,42,61),(22,4,35,101),(23,6,32,708),(24,3,37,256),(25,5,41,149),(26,6,35,559),(27,4,36,116),(28,10,42,59),(29,1,31,533),(30,5,45,232);
INSERT INTO `transaction` VALUES (1,2,267,1,80),(2,5,1696,1,508),(3,6,1267,1,380),(4,7,820,1,246),(5,9,1677,1,503),(6,10,134,1,40);
INSERT INTO `payment_record` VALUES (1,'1234567898765432','2022-11-20 05:20:00'),(2,'1234567898765432','2022-11-10 03:50:00'),(3,'1234567898765432','2022-11-06 06:32:00'),(4,'1234567898765432','2022-11-18 05:20:00'),(5,'1234567898765432','2022-11-18 05:55:00'),(6,'1234567898765432','2022-11-20 05:15:00');